[
  {
    "name": "Лучник (3)",
    "battles": [
      {
        "name": "Воин (1)",
        "win": 7,
        "loose": 43
      },
      {
        "name": "Маг (2)",
        "win": 0,
        "loose": 50
      },
      {
        "name": "Воитель лунной расы (4)",
        "win": 1,
        "loose": 49
      },
      {
        "name": "Маг-элементалист (5)",
        "win": 0,
        "loose": 50
      },
      {
        "name": "Скиталец леса (6)",
        "win": 0,
        "loose": 50
      },
      {
        "name": "Грудоборец (7)",
        "win": 41,
        "loose": 9
      },
      {
        "name": "Рунный воин (8)",
        "win": 0,
        "loose": 50
      },
      {
        "name": "Охотник на соколов (9)",
        "win": 15,
        "loose": 35
      }
    ],
    "rate": 0.16
  },
  {
    "name": "Воин (1)",
    "battles": [
      {
        "name": "Маг (2)",
        "win": 13,
        "loose": 37
      },
      {
        "name": "Лучник (3)",
        "win": 50,
        "loose": 0
      },
      {
        "name": "Воитель лунной расы (4)",
        "win": 3,
        "loose": 47
      },
      {
        "name": "Маг-элементалист (5)",
        "win": 10,
        "loose": 40
      },
      {
        "name": "Скиталец леса (6)",
        "win": 0,
        "loose": 50
      },
      {
        "name": "Грудоборец (7)",
        "win": 6,
        "loose": 44
      },
      {
        "name": "Рунный воин (8)",
        "win": 3,
        "loose": 47
      },
      {
        "name": "Охотник на соколов (9)",
        "win": 9,
        "loose": 41
      }
    ],
    "rate": 0.23
  },
  {
    "name": "Маг-элементалист (5)",
    "battles": [
      {
        "name": "Воин (1)",
        "win": 5,
        "loose": 45
      },
      {
        "name": "Маг (2)",
        "win": 39,
        "loose": 11
      },
      {
        "name": "Лучник (3)",
        "win": 50,
        "loose": 0
      },
      {
        "name": "Воитель лунной расы (4)",
        "win": 0,
        "loose": 50
      },
      {
        "name": "Скиталец леса (6)",
        "win": 5,
        "loose": 45
      },
      {
        "name": "Грудоборец (7)",
        "win": 7,
        "loose": 43
      },
      {
        "name": "Рунный воин (8)",
        "win": 2,
        "loose": 48
      },
      {
        "name": "Охотник на соколов (9)",
        "win": 18,
        "loose": 32
      }
    ],
    "rate": 0.32
  },
  {
    "name": "Грудоборец (7)",
    "battles": [
      {
        "name": "Воин (1)",
        "win": 49,
        "loose": 1
      },
      {
        "name": "Маг (2)",
        "win": 17,
        "loose": 33
      },
      {
        "name": "Лучник (3)",
        "win": 44,
        "loose": 6
      },
      {
        "name": "Воитель лунной расы (4)",
        "win": 44,
        "loose": 6
      },
      {
        "name": "Маг-элементалист (5)",
        "win": 42,
        "loose": 8
      },
      {
        "name": "Скиталец леса (6)",
        "win": 0,
        "loose": 50
      },
      {
        "name": "Рунный воин (8)",
        "win": 0,
        "loose": 50
      },
      {
        "name": "Охотник на соколов (9)",
        "win": 0,
        "loose": 50
      }
    ],
    "rate": 0.49
  },
  {
    "name": "Скиталец леса (6)",
    "battles": [
      {
        "name": "Воин (1)",
        "win": 40,
        "loose": 10
      },
      {
        "name": "Маг (2)",
        "win": 30,
        "loose": 20
      },
      {
        "name": "Лучник (3)",
        "win": 50,
        "loose": 0
      },
      {
        "name": "Воитель лунной расы (4)",
        "win": 2,
        "loose": 48
      },
      {
        "name": "Маг-элементалист (5)",
        "win": 41,
        "loose": 9
      },
      {
        "name": "Грудоборец (7)",
        "win": 13,
        "loose": 37
      },
      {
        "name": "Рунный воин (8)",
        "win": 9,
        "loose": 41
      },
      {
        "name": "Охотник на соколов (9)",
        "win": 24,
        "loose": 26
      }
    ],
    "rate": 0.52
  },
  {
    "name": "Маг (2)",
    "battles": [
      {
        "name": "Воин (1)",
        "win": 39,
        "loose": 11
      },
      {
        "name": "Лучник (3)",
        "win": 50,
        "loose": 0
      },
      {
        "name": "Воитель лунной расы (4)",
        "win": 21,
        "loose": 29
      },
      {
        "name": "Маг-элементалист (5)",
        "win": 10,
        "loose": 40
      },
      {
        "name": "Скиталец леса (6)",
        "win": 1,
        "loose": 49
      },
      {
        "name": "Грудоборец (7)",
        "win": 45,
        "loose": 5
      },
      {
        "name": "Рунный воин (8)",
        "win": 24,
        "loose": 26
      },
      {
        "name": "Охотник на соколов (9)",
        "win": 46,
        "loose": 4
      }
    ],
    "rate": 0.59
  },
  {
    "name": "Охотник на соколов (9)",
    "battles": [
      {
        "name": "Воин (1)",
        "win": 50,
        "loose": 0
      },
      {
        "name": "Маг (2)",
        "win": 43,
        "loose": 7
      },
      {
        "name": "Лучник (3)",
        "win": 50,
        "loose": 0
      },
      {
        "name": "Воитель лунной расы (4)",
        "win": 47,
        "loose": 3
      },
      {
        "name": "Маг-элементалист (5)",
        "win": 50,
        "loose": 0
      },
      {
        "name": "Скиталец леса (6)",
        "win": 10,
        "loose": 40
      },
      {
        "name": "Грудоборец (7)",
        "win": 48,
        "loose": 2
      },
      {
        "name": "Рунный воин (8)",
        "win": 9,
        "loose": 41
      }
    ],
    "rate": 0.77
  },
  {
    "name": "Воитель лунной расы (4)",
    "battles": [
      {
        "name": "Воин (1)",
        "win": 49,
        "loose": 1
      },
      {
        "name": "Маг (2)",
        "win": 45,
        "loose": 5
      },
      {
        "name": "Лучник (3)",
        "win": 50,
        "loose": 0
      },
      {
        "name": "Маг-элементалист (5)",
        "win": 50,
        "loose": 0
      },
      {
        "name": "Скиталец леса (6)",
        "win": 44,
        "loose": 6
      },
      {
        "name": "Грудоборец (7)",
        "win": 24,
        "loose": 26
      },
      {
        "name": "Рунный воин (8)",
        "win": 18,
        "loose": 32
      },
      {
        "name": "Охотник на соколов (9)",
        "win": 45,
        "loose": 5
      }
    ],
    "rate": 0.81
  },
  {
    "name": "Рунный воин (8)",
    "battles": [
      {
        "name": "Воин (1)",
        "win": 50,
        "loose": 0
      },
      {
        "name": "Маг (2)",
        "win": 50,
        "loose": 0
      },
      {
        "name": "Лучник (3)",
        "win": 50,
        "loose": 0
      },
      {
        "name": "Воитель лунной расы (4)",
        "win": 46,
        "loose": 4
      },
      {
        "name": "Маг-элементалист (5)",
        "win": 50,
        "loose": 0
      },
      {
        "name": "Скиталец леса (6)",
        "win": 5,
        "loose": 45
      },
      {
        "name": "Грудоборец (7)",
        "win": 50,
        "loose": 0
      },
      {
        "name": "Охотник на соколов (9)",
        "win": 37,
        "loose": 13
      }
    ],
    "rate": 0.84
  }
]